id,name,start_time,launch_time,finish_time,runtime_seconds
application_1741747991273_0019,Test50MB_Aggregate,Wed Mar 12 00:49:42 -0700 2025,Wed Mar 12 00:49:42 -0700 2025,Wed Mar 12 00:50:00 -0700 2025,18.0
application_1741747991273_0023,Test50MB_Aggregate_16,Wed Mar 12 00:55:10 -0700 2025,Wed Mar 12 00:55:10 -0700 2025,Wed Mar 12 00:55:26 -0700 2025,16.0
application_1741747991273_0024,Test50MB_Aggregate_32,Wed Mar 12 00:55:56 -0700 2025,Wed Mar 12 00:55:57 -0700 2025,Wed Mar 12 00:56:13 -0700 2025,17.0
application_1741747991273_0022,Test50MB_Aggregate_4,Wed Mar 12 00:54:04 -0700 2025,Wed Mar 12 00:54:04 -0700 2025,Wed Mar 12 00:54:20 -0700 2025,16.0
application_1741747991273_0021,Test50MB_Window,Wed Mar 12 00:52:37 -0700 2025,Wed Mar 12 00:52:37 -0700 2025,Wed Mar 12 00:52:56 -0700 2025,19.0
application_1741747991273_0030,Test50MB_Window_16,Wed Mar 12 01:01:25 -0700 2025,Wed Mar 12 01:01:25 -0700 2025,Wed Mar 12 01:01:43 -0700 2025,18.0
application_1741747991273_0031,Test50MB_Window_32,Wed Mar 12 01:02:07 -0700 2025,Wed Mar 12 01:02:08 -0700 2025,Wed Mar 12 01:02:24 -0700 2025,17.0
application_1741747991273_0028,Test50MB_Window_4,Wed Mar 12 00:59:38 -0700 2025,Wed Mar 12 00:59:38 -0700 2025,Wed Mar 12 00:59:55 -0700 2025,17.0
